idea_id,idea_title,idea_description,idea_type,industry,user_segment,secondary_segment,geography,delivery_model,goal_type,founder_background,founder_skills,hours_per_week,capital_available,launch_target_days,life_constraints,current_stage,problem_statement,problem_frequency,current_alternative,pain_score,urgency_score,willingness_to_pay_low,willingness_to_pay_high,market_size_proxy,competitor_1,competitor_2,competitor_3,differentiation_hypothesis,primary_channel,secondary_channel,acquisition_cost_low,acquisition_cost_high,revenue_model,price_low,price_high,gross_margin_target,build_complexity,regulatory_risk,technical_risk,distribution_risk,founder_fit_score,assumption_count,positive_signal_count,risk_count,interview_target,validation_test,pass_threshold,fail_threshold,estimated_cash_cost,estimated_hours,relationship_impact,health_impact,opportunity_cost,evidence_strength,launch_readiness,next_action,data_source,source_date,confidence_level
IDEA-001,Plant Analyzer App,Online-first concept for plant analyzer app that must earn behavioral and payment evidence before build investment,ai_product,ai_product,Digitally active early adopters,Small teams and independent professionals,Online / global,web_or_mobile,side_income,Product manager,research; product strategy; prototyping,8,2500,90,full-time job; weekends only,pre_validation,Plant owners notice symptoms late and cannot distinguish watering light pest or nutrient issues,weekly,search engines; plant forums; nursery advice,8,7,3,10,urban plant-owner proxy,Planta,PictureThis,Plant Parent,Evidence-ranked diagnosis with local care context instead of generic identification,Instagram,nursery partnerships,2,12,subscription,4,8,75,medium,low,medium,medium,6,8,0,5,10,48-hour landing page plus concierge delivery test,5 of 10 users submit a second plant within 14 days,fewer than 3 complete one care action,2500,47,low,low,1200,0,0,Recruit 10 target users with recent problem experience,Proofpath synthetic planning prior,2026-08-17,low
IDEA-002,AI Interview Practice Coach,Online-first concept for ai interview practice coach that must earn behavioral and payment evidence before build investment,ai_product,ai_product,Digitally active early adopters,Small teams and independent professionals,Online / global,web_or_mobile,side_income,Product manager,research; product strategy; prototyping,8,2500,90,full-time job; weekends only,pre_validation,Plant owners notice symptoms late and cannot distinguish watering light pest or nutrient issues,weekly,search engines; plant forums; nursery advice,8,7,3,10,urban plant-owner proxy,Planta,PictureThis,Plant Parent,Evidence-ranked diagnosis with local care context instead of generic identification,Instagram,nursery partnerships,2,12,subscription,4,8,75,medium,low,medium,medium,6,8,0,5,10,48-hour landing page plus concierge delivery test,5 of 10 users submit a second plant within 14 days,fewer than 3 complete one care action,2500,47,low,low,1200,0,0,Recruit 10 target users with recent problem experience,Proofpath synthetic planning prior,2026-08-17,low
IDEA-003,Contract Risk Explainer,Online-first concept for contract risk explainer that must earn behavioral and payment evidence before build investment,ai_product,ai_product,Digitally active early adopters,Small teams and independent professionals,Online / global,web_or_mobile,side_income,Product manager,research; product strategy; prototyping,8,2500,90,full-time job; weekends only,pre_validation,Plant owners notice symptoms late and cannot distinguish watering light pest or nutrient issues,weekly,search engines; plant forums; nursery advice,8,7,3,10,urban plant-owner proxy,Planta,PictureThis,Plant Parent,Evidence-ranked diagnosis with local care context instead of generic identification,Instagram,nursery partnerships,2,12,subscription,4,8,75,medium,low,medium,medium,6,8,0,5,10,48-hour landing page plus concierge delivery test,5 of 10 users submit a second plant within 14 days,fewer than 3 complete one care action,2500,47,low,low,1200,0,0,Recruit 10 target users with recent problem experience,Proofpath synthetic planning prior,2026-08-17,low
IDEA-004,Study Notes Synthesizer,Online-first concept for study notes synthesizer that must earn behavioral and payment evidence before build investment,ai_product,ai_product,Digitally active early adopters,Small teams and independent professionals,Online / global,web_or_mobile,side_income,Product manager,research; product strategy; prototyping,8,2500,90,full-time job; weekends only,pre_validation,Plant owners notice symptoms late and cannot distinguish watering light pest or nutrient issues,weekly,search engines; plant forums; nursery advice,8,7,3,10,urban plant-owner proxy,Planta,PictureThis,Plant Parent,Evidence-ranked diagnosis with local care context instead of generic identification,Instagram,nursery partnerships,2,12,subscription,4,8,75,medium,low,medium,medium,6,8,0,5,10,48-hour landing page plus concierge delivery test,5 of 10 users submit a second plant within 14 days,fewer than 3 complete one care action,2500,47,low,low,1200,0,0,Recruit 10 target users with recent problem experience,Proofpath synthetic planning prior,2026-08-17,low
IDEA-005,Meal Photo Nutrition Guide,Online-first concept for meal photo nutrition guide that must earn behavioral and payment evidence before build investment,ai_product,ai_product,Digitally active early adopters,Small teams and independent professionals,Online / global,web_or_mobile,side_income,Product manager,research; product strategy; prototyping,8,2500,90,full-time job; weekends only,pre_validation,Plant owners notice symptoms late and cannot distinguish watering light pest or nutrient issues,weekly,search engines; plant forums; nursery advice,8,7,3,10,urban plant-owner proxy,Planta,PictureThis,Plant Parent,Evidence-ranked diagnosis with local care context instead of generic identification,Instagram,nursery partnerships,2,12,subscription,4,8,75,medium,low,medium,medium,6,8,0,5,10,48-hour landing page plus concierge delivery test,5 of 10 users submit a second plant within 14 days,fewer than 3 complete one care action,2500,47,low,low,1200,0,0,Recruit 10 target users with recent problem experience,Proofpath synthetic planning prior,2026-08-17,low
IDEA-006,Home Energy Audit Assistant,Online-first concept for home energy audit assistant that must earn behavioral and payment evidence before build investment,ai_product,ai_product,Digitally active early adopters,Small teams and independent professionals,Online / global,web_or_mobile,side_income,Product manager,research; product strategy; prototyping,8,2500,90,full-time job; weekends only,pre_validation,Plant owners notice symptoms late and cannot distinguish watering light pest or nutrient issues,weekly,search engines; plant forums; nursery advice,8,7,3,10,urban plant-owner proxy,Planta,PictureThis,Plant Parent,Evidence-ranked diagnosis with local care context instead of generic identification,Instagram,nursery partnerships,2,12,subscription,4,8,75,medium,low,medium,medium,6,8,0,5,10,48-hour landing page plus concierge delivery test,5 of 10 users submit a second plant within 14 days,fewer than 3 complete one care action,2500,47,low,low,1200,0,0,Recruit 10 target users with recent problem experience,Proofpath synthetic planning prior,2026-08-17,low
IDEA-007,Freelance Proposal Reviewer,Online-first concept for freelance proposal reviewer that must earn behavioral and payment evidence before build investment,ai_product,ai_product,Digitally active early adopters,Small teams and independent professionals,Online / global,web_or_mobile,side_income,Product manager,research; product strategy; prototyping,8,2500,90,full-time job; weekends only,pre_validation,Plant owners notice symptoms late and cannot distinguish watering light pest or nutrient issues,weekly,search engines; plant forums; nursery advice,8,7,3,10,urban plant-owner proxy,Planta,PictureThis,Plant Parent,Evidence-ranked diagnosis with local care context instead of generic identification,Instagram,nursery partnerships,2,12,subscription,4,8,75,medium,low,medium,medium,6,8,0,5,10,48-hour landing page plus concierge delivery test,5 of 10 users submit a second plant within 14 days,fewer than 3 complete one care action,2500,47,low,low,1200,0,0,Recruit 10 target users with recent problem experience,Proofpath synthetic planning prior,2026-08-17,low
IDEA-008,Accessible Document Checker,Online-first concept for accessible document checker that must earn behavioral and payment evidence before build investment,ai_product,ai_product,Digitally active early adopters,Small teams and independent professionals,Online / global,web_or_mobile,side_income,Product manager,research; product strategy; prototyping,8,2500,90,full-time job; weekends only,pre_validation,Plant owners notice symptoms late and cannot distinguish watering light pest or nutrient issues,weekly,search engines; plant forums; nursery advice,8,7,3,10,urban plant-owner proxy,Planta,PictureThis,Plant Parent,Evidence-ranked diagnosis with local care context instead of generic identification,Instagram,nursery partnerships,2,12,subscription,4,8,75,medium,low,medium,medium,6,8,0,5,10,48-hour landing page plus concierge delivery test,5 of 10 users submit a second plant within 14 days,fewer than 3 complete one care action,2500,47,low,low,1200,0,0,Recruit 10 target users with recent problem experience,Proofpath synthetic planning prior,2026-08-17,low
IDEA-009,Pet Symptom Journal,Online-first concept for pet symptom journal that must earn behavioral and payment evidence before build investment,ai_product,ai_product,Digitally active early adopters,Small teams and independent professionals,Online / global,web_or_mobile,side_income,Product manager,research; product strategy; prototyping,8,2500,90,full-time job; weekends only,pre_validation,Plant owners notice symptoms late and cannot distinguish watering light pest or nutrient issues,weekly,search engines; plant forums; nursery advice,8,7,3,10,urban plant-owner proxy,Planta,PictureThis,Plant Parent,Evidence-ranked diagnosis with local care context instead of generic identification,Instagram,nursery partnerships,2,12,subscription,4,8,75,medium,low,medium,medium,6,8,0,5,10,48-hour landing page plus concierge delivery test,5 of 10 users submit a second plant within 14 days,fewer than 3 complete one care action,2500,47,low,low,1200,0,0,Recruit 10 target users with recent problem experience,Proofpath synthetic planning prior,2026-08-17,low
IDEA-010,Small Business Cashflow Copilot,Online-first concept for small business cashflow copilot that must earn behavioral and payment evidence before build investment,ai_product,ai_product,Digitally active early adopters,Small teams and independent professionals,Online / global,web_or_mobile,side_income,Product manager,research; product strategy; prototyping,8,2500,90,full-time job; weekends only,pre_validation,Plant owners notice symptoms late and cannot distinguish watering light pest or nutrient issues,weekly,search engines; plant forums; nursery advice,8,7,3,10,urban plant-owner proxy,Planta,PictureThis,Plant Parent,Evidence-ranked diagnosis with local care context instead of generic identification,Instagram,nursery partnerships,2,12,subscription,4,8,75,medium,low,medium,medium,6,8,0,5,10,48-hour landing page plus concierge delivery test,5 of 10 users submit a second plant within 14 days,fewer than 3 complete one care action,2500,47,low,low,1200,0,0,Recruit 10 target users with recent problem experience,Proofpath synthetic planning prior,2026-08-17,low
IDEA-011,Creator Sponsorship CRM,Online-first concept for creator sponsorship crm that must earn behavioral and payment evidence before build investment,saas,saas,Digitally active early adopters,Small teams and independent professionals,Online / global,web_or_mobile,side_income,Product manager,research; product strategy; prototyping,8,2500,90,full-time job; weekends only,pre_validation,Plant owners notice symptoms late and cannot distinguish watering light pest or nutrient issues,weekly,search engines; plant forums; nursery advice,8,7,3,10,urban plant-owner proxy,Planta,PictureThis,Plant Parent,Evidence-ranked diagnosis with local care context instead of generic identification,Instagram,nursery partnerships,2,12,subscription,4,8,75,medium,low,medium,medium,6,8,0,5,10,48-hour landing page plus concierge delivery test,5 of 10 users submit a second plant within 14 days,fewer than 3 complete one care action,2500,47,low,low,1200,0,0,Recruit 10 target users with recent problem experience,Proofpath synthetic planning prior,2026-08-17,low
IDEA-012,Clinic Waitlist Manager,Online-first concept for clinic waitlist manager that must earn behavioral and payment evidence before build investment,saas,saas,Digitally active early adopters,Small teams and independent professionals,Online / global,web_or_mobile,side_income,Product manager,research; product strategy; prototyping,8,2500,90,full-time job; weekends only,pre_validation,Plant owners notice symptoms late and cannot distinguish watering light pest or nutrient issues,weekly,search engines; plant forums; nursery advice,8,7,3,10,urban plant-owner proxy,Planta,PictureThis,Plant Parent,Evidence-ranked diagnosis with local care context instead of generic identification,Instagram,nursery partnerships,2,12,subscription,4,8,75,medium,low,medium,medium,6,8,0,5,10,48-hour landing page plus concierge delivery test,5 of 10 users submit a second plant within 14 days,fewer than 3 complete one care action,2500,47,low,low,1200,0,0,Recruit 10 target users with recent problem experience,Proofpath synthetic planning prior,2026-08-17,low
IDEA-013,Freelancer Scope Tracker,Online-first concept for freelancer scope tracker that must earn behavioral and payment evidence before build investment,saas,saas,Digitally active early adopters,Small teams and independent professionals,Online / global,web_or_mobile,side_income,Product manager,research; product strategy; prototyping,8,2500,90,full-time job; weekends only,pre_validation,Plant owners notice symptoms late and cannot distinguish watering light pest or nutrient issues,weekly,search engines; plant forums; nursery advice,8,7,3,10,urban plant-owner proxy,Planta,PictureThis,Plant Parent,Evidence-ranked diagnosis with local care context instead of generic identification,Instagram,nursery partnerships,2,12,subscription,4,8,75,medium,low,medium,medium,6,8,0,5,10,48-hour landing page plus concierge delivery test,5 of 10 users submit a second plant within 14 days,fewer than 3 complete one care action,2500,47,low,low,1200,0,0,Recruit 10 target users with recent problem experience,Proofpath synthetic planning prior,2026-08-17,low
IDEA-014,Community Renewal Dashboard,Online-first concept for community renewal dashboard that must earn behavioral and payment evidence before build investment,saas,saas,Digitally active early adopters,Small teams and independent professionals,Online / global,web_or_mobile,side_income,Product manager,research; product strategy; prototyping,8,2500,90,full-time job; weekends only,pre_validation,Plant owners notice symptoms late and cannot distinguish watering light pest or nutrient issues,weekly,search engines; plant forums; nursery advice,8,7,3,10,urban plant-owner proxy,Planta,PictureThis,Plant Parent,Evidence-ranked diagnosis with local care context instead of generic identification,Instagram,nursery partnerships,2,12,subscription,4,8,75,medium,low,medium,medium,6,8,0,5,10,48-hour landing page plus concierge delivery test,5 of 10 users submit a second plant within 14 days,fewer than 3 complete one care action,2500,47,low,low,1200,0,0,Recruit 10 target users with recent problem experience,Proofpath synthetic planning prior,2026-08-17,low
IDEA-015,Restaurant Supplier Portal,Online-first concept for restaurant supplier portal that must earn behavioral and payment evidence before build investment,saas,saas,Digitally active early adopters,Small teams and independent professionals,Online / global,web_or_mobile,side_income,Product manager,research; product strategy; prototyping,8,2500,90,full-time job; weekends only,pre_validation,Plant owners notice symptoms late and cannot distinguish watering light pest or nutrient issues,weekly,search engines; plant forums; nursery advice,8,7,3,10,urban plant-owner proxy,Planta,PictureThis,Plant Parent,Evidence-ranked diagnosis with local care context instead of generic identification,Instagram,nursery partnerships,2,12,subscription,4,8,75,medium,low,medium,medium,6,8,0,5,10,48-hour landing page plus concierge delivery test,5 of 10 users submit a second plant within 14 days,fewer than 3 complete one care action,2500,47,low,low,1200,0,0,Recruit 10 target users with recent problem experience,Proofpath synthetic planning prior,2026-08-17,low
IDEA-016,Micro Agency Capacity Planner,Online-first concept for micro agency capacity planner that must earn behavioral and payment evidence before build investment,saas,saas,Digitally active early adopters,Small teams and independent professionals,Online / global,web_or_mobile,side_income,Product manager,research; product strategy; prototyping,8,2500,90,full-time job; weekends only,pre_validation,Plant owners notice symptoms late and cannot distinguish watering light pest or nutrient issues,weekly,search engines; plant forums; nursery advice,8,7,3,10,urban plant-owner proxy,Planta,PictureThis,Plant Parent,Evidence-ranked diagnosis with local care context instead of generic identification,Instagram,nursery partnerships,2,12,subscription,4,8,75,medium,low,medium,medium,6,8,0,5,10,48-hour landing page plus concierge delivery test,5 of 10 users submit a second plant within 14 days,fewer than 3 complete one care action,2500,47,low,low,1200,0,0,Recruit 10 target users with recent problem experience,Proofpath synthetic planning prior,2026-08-17,low
IDEA-017,Customer Interview Repository,Online-first concept for customer interview repository that must earn behavioral and payment evidence before build investment,saas,saas,Digitally active early adopters,Small teams and independent professionals,Online / global,web_or_mobile,side_income,Product manager,research; product strategy; prototyping,8,2500,90,full-time job; weekends only,pre_validation,Plant owners notice symptoms late and cannot distinguish watering light pest or nutrient issues,weekly,search engines; plant forums; nursery advice,8,7,3,10,urban plant-owner proxy,Planta,PictureThis,Plant Parent,Evidence-ranked diagnosis with local care context instead of generic identification,Instagram,nursery partnerships,2,12,subscription,4,8,75,medium,low,medium,medium,6,8,0,5,10,48-hour landing page plus concierge delivery test,5 of 10 users submit a second plant within 14 days,fewer than 3 complete one care action,2500,47,low,low,1200,0,0,Recruit 10 target users with recent problem experience,Proofpath synthetic planning prior,2026-08-17,low
IDEA-018,Rental Inspection Workflow,Online-first concept for rental inspection workflow that must earn behavioral and payment evidence before build investment,saas,saas,Digitally active early adopters,Small teams and independent professionals,Online / global,web_or_mobile,side_income,Product manager,research; product strategy; prototyping,8,2500,90,full-time job; weekends only,pre_validation,Plant owners notice symptoms late and cannot distinguish watering light pest or nutrient issues,weekly,search engines; plant forums; nursery advice,8,7,3,10,urban plant-owner proxy,Planta,PictureThis,Plant Parent,Evidence-ranked diagnosis with local care context instead of generic identification,Instagram,nursery partnerships,2,12,subscription,4,8,75,medium,low,medium,medium,6,8,0,5,10,48-hour landing page plus concierge delivery test,5 of 10 users submit a second plant within 14 days,fewer than 3 complete one care action,2500,47,low,low,1200,0,0,Recruit 10 target users with recent problem experience,Proofpath synthetic planning prior,2026-08-17,low
IDEA-019,Volunteer Shift Manager,Online-first concept for volunteer shift manager that must earn behavioral and payment evidence before build investment,saas,saas,Digitally active early adopters,Small teams and independent professionals,Online / global,web_or_mobile,side_income,Product manager,research; product strategy; prototyping,8,2500,90,full-time job; weekends only,pre_validation,Plant owners notice symptoms late and cannot distinguish watering light pest or nutrient issues,weekly,search engines; plant forums; nursery advice,8,7,3,10,urban plant-owner proxy,Planta,PictureThis,Plant Parent,Evidence-ranked diagnosis with local care context instead of generic identification,Instagram,nursery partnerships,2,12,subscription,4,8,75,medium,low,medium,medium,6,8,0,5,10,48-hour landing page plus concierge delivery test,5 of 10 users submit a second plant within 14 days,fewer than 3 complete one care action,2500,47,low,low,1200,0,0,Recruit 10 target users with recent problem experience,Proofpath synthetic planning prior,2026-08-17,low
IDEA-020,Course Cohort Operations Hub,Online-first concept for course cohort operations hub that must earn behavioral and payment evidence before build investment,saas,saas,Digitally active early adopters,Small teams and independent professionals,Online / global,web_or_mobile,side_income,Product manager,research; product strategy; prototyping,8,2500,90,full-time job; weekends only,pre_validation,Plant owners notice symptoms late and cannot distinguish watering light pest or nutrient issues,weekly,search engines; plant forums; nursery advice,8,7,3,10,urban plant-owner proxy,Planta,PictureThis,Plant Parent,Evidence-ranked diagnosis with local care context instead of generic identification,Instagram,nursery partnerships,2,12,subscription,4,8,75,medium,low,medium,medium,6,8,0,5,10,48-hour landing page plus concierge delivery test,5 of 10 users submit a second plant within 14 days,fewer than 3 complete one care action,2500,47,low,low,1200,0,0,Recruit 10 target users with recent problem experience,Proofpath synthetic planning prior,2026-08-17,low
IDEA-021,Local Expert Office Hours,Online-first concept for local expert office hours that must earn behavioral and payment evidence before build investment,marketplace,marketplace,Digitally active early adopters,Small teams and independent professionals,Online / global,web_or_mobile,side_income,Product manager,research; product strategy; prototyping,8,2500,90,full-time job; weekends only,pre_validation,Plant owners notice symptoms late and cannot distinguish watering light pest or nutrient issues,weekly,search engines; plant forums; nursery advice,8,7,3,10,urban plant-owner proxy,Planta,PictureThis,Plant Parent,Evidence-ranked diagnosis with local care context instead of generic identification,Instagram,nursery partnerships,2,12,transaction,4,8,75,medium,low,medium,medium,6,8,0,5,10,48-hour landing page plus concierge delivery test,5 of 10 users submit a second plant within 14 days,fewer than 3 complete one care action,2500,47,low,low,1200,0,0,Recruit 10 target users with recent problem experience,Proofpath synthetic planning prior,2026-08-17,low
IDEA-022,Independent Tutor Marketplace,Online-first concept for independent tutor marketplace that must earn behavioral and payment evidence before build investment,marketplace,marketplace,Digitally active early adopters,Small teams and independent professionals,Online / global,web_or_mobile,side_income,Product manager,research; product strategy; prototyping,8,2500,90,full-time job; weekends only,pre_validation,Plant owners notice symptoms late and cannot distinguish watering light pest or nutrient issues,weekly,search engines; plant forums; nursery advice,8,7,3,10,urban plant-owner proxy,Planta,PictureThis,Plant Parent,Evidence-ranked diagnosis with local care context instead of generic identification,Instagram,nursery partnerships,2,12,transaction,4,8,75,medium,low,medium,medium,6,8,0,5,10,48-hour landing page plus concierge delivery test,5 of 10 users submit a second plant within 14 days,fewer than 3 complete one care action,2500,47,low,low,1200,0,0,Recruit 10 target users with recent problem experience,Proofpath synthetic planning prior,2026-08-17,low
IDEA-023,Verified Repair Specialist Network,Online-first concept for verified repair specialist network that must earn behavioral and payment evidence before build investment,marketplace,marketplace,Digitally active early adopters,Small teams and independent professionals,Online / global,web_or_mobile,side_income,Product manager,research; product strategy; prototyping,8,2500,90,full-time job; weekends only,pre_validation,Plant owners notice symptoms late and cannot distinguish watering light pest or nutrient issues,weekly,search engines; plant forums; nursery advice,8,7,3,10,urban plant-owner proxy,Planta,PictureThis,Plant Parent,Evidence-ranked diagnosis with local care context instead of generic identification,Instagram,nursery partnerships,2,12,transaction,4,8,75,medium,low,medium,medium,6,8,0,5,10,48-hour landing page plus concierge delivery test,5 of 10 users submit a second plant within 14 days,fewer than 3 complete one care action,2500,47,low,low,1200,0,0,Recruit 10 target users with recent problem experience,Proofpath synthetic planning prior,2026-08-17,low
IDEA-024,Unused Studio Time Exchange,Online-first concept for unused studio time exchange that must earn behavioral and payment evidence before build investment,marketplace,marketplace,Digitally active early adopters,Small teams and independent professionals,Online / global,web_or_mobile,side_income,Product manager,research; product strategy; prototyping,8,2500,90,full-time job; weekends only,pre_validation,Plant owners notice symptoms late and cannot distinguish watering light pest or nutrient issues,weekly,search engines; plant forums; nursery advice,8,7,3,10,urban plant-owner proxy,Planta,PictureThis,Plant Parent,Evidence-ranked diagnosis with local care context instead of generic identification,Instagram,nursery partnerships,2,12,transaction,4,8,75,medium,low,medium,medium,6,8,0,5,10,48-hour landing page plus concierge delivery test,5 of 10 users submit a second plant within 14 days,fewer than 3 complete one care action,2500,47,low,low,1200,0,0,Recruit 10 target users with recent problem experience,Proofpath synthetic planning prior,2026-08-17,low
IDEA-025,Home Cook Preorder Marketplace,Online-first concept for home cook preorder marketplace that must earn behavioral and payment evidence before build investment,marketplace,marketplace,Digitally active early adopters,Small teams and independent professionals,Online / global,web_or_mobile,side_income,Product manager,research; product strategy; prototyping,8,2500,90,full-time job; weekends only,pre_validation,Plant owners notice symptoms late and cannot distinguish watering light pest or nutrient issues,weekly,search engines; plant forums; nursery advice,8,7,3,10,urban plant-owner proxy,Planta,PictureThis,Plant Parent,Evidence-ranked diagnosis with local care context instead of generic identification,Instagram,nursery partnerships,2,12,transaction,4,8,75,medium,low,medium,medium,6,8,0,5,10,48-hour landing page plus concierge delivery test,5 of 10 users submit a second plant within 14 days,fewer than 3 complete one care action,2500,47,low,low,1200,0,0,Recruit 10 target users with recent problem experience,Proofpath synthetic planning prior,2026-08-17,low
IDEA-026,Specialist Mentor Matching,Online-first concept for specialist mentor matching that must earn behavioral and payment evidence before build investment,marketplace,marketplace,Digitally active early adopters,Small teams and independent professionals,Online / global,web_or_mobile,side_income,Product manager,research; product strategy; prototyping,8,2500,90,full-time job; weekends only,pre_validation,Plant owners notice symptoms late and cannot distinguish watering light pest or nutrient issues,weekly,search engines; plant forums; nursery advice,8,7,3,10,urban plant-owner proxy,Planta,PictureThis,Plant Parent,Evidence-ranked diagnosis with local care context instead of generic identification,Instagram,nursery partnerships,2,12,transaction,4,8,75,medium,low,medium,medium,6,8,0,5,10,48-hour landing page plus concierge delivery test,5 of 10 users submit a second plant within 14 days,fewer than 3 complete one care action,2500,47,low,low,1200,0,0,Recruit 10 target users with recent problem experience,Proofpath synthetic planning prior,2026-08-17,low
IDEA-027,Accessible Travel Guide Marketplace,Online-first concept for accessible travel guide marketplace that must earn behavioral and payment evidence before build investment,marketplace,marketplace,Digitally active early adopters,Small teams and independent professionals,Online / global,web_or_mobile,side_income,Product manager,research; product strategy; prototyping,8,2500,90,full-time job; weekends only,pre_validation,Plant owners notice symptoms late and cannot distinguish watering light pest or nutrient issues,weekly,search engines; plant forums; nursery advice,8,7,3,10,urban plant-owner proxy,Planta,PictureThis,Plant Parent,Evidence-ranked diagnosis with local care context instead of generic identification,Instagram,nursery partnerships,2,12,transaction,4,8,75,medium,low,medium,medium,6,8,0,5,10,48-hour landing page plus concierge delivery test,5 of 10 users submit a second plant within 14 days,fewer than 3 complete one care action,2500,47,low,low,1200,0,0,Recruit 10 target users with recent problem experience,Proofpath synthetic planning prior,2026-08-17,low
IDEA-028,Local Workshop Discovery,Online-first concept for local workshop discovery that must earn behavioral and payment evidence before build investment,marketplace,marketplace,Digitally active early adopters,Small teams and independent professionals,Online / global,web_or_mobile,side_income,Product manager,research; product strategy; prototyping,8,2500,90,full-time job; weekends only,pre_validation,Plant owners notice symptoms late and cannot distinguish watering light pest or nutrient issues,weekly,search engines; plant forums; nursery advice,8,7,3,10,urban plant-owner proxy,Planta,PictureThis,Plant Parent,Evidence-ranked diagnosis with local care context instead of generic identification,Instagram,nursery partnerships,2,12,transaction,4,8,75,medium,low,medium,medium,6,8,0,5,10,48-hour landing page plus concierge delivery test,5 of 10 users submit a second plant within 14 days,fewer than 3 complete one care action,2500,47,low,low,1200,0,0,Recruit 10 target users with recent problem experience,Proofpath synthetic planning prior,2026-08-17,low
IDEA-029,Fractional Operator Network,Online-first concept for fractional operator network that must earn behavioral and payment evidence before build investment,marketplace,marketplace,Digitally active early adopters,Small teams and independent professionals,Online / global,web_or_mobile,side_income,Product manager,research; product strategy; prototyping,8,2500,90,full-time job; weekends only,pre_validation,Plant owners notice symptoms late and cannot distinguish watering light pest or nutrient issues,weekly,search engines; plant forums; nursery advice,8,7,3,10,urban plant-owner proxy,Planta,PictureThis,Plant Parent,Evidence-ranked diagnosis with local care context instead of generic identification,Instagram,nursery partnerships,2,12,transaction,4,8,75,medium,low,medium,medium,6,8,0,5,10,48-hour landing page plus concierge delivery test,5 of 10 users submit a second plant within 14 days,fewer than 3 complete one care action,2500,47,low,low,1200,0,0,Recruit 10 target users with recent problem experience,Proofpath synthetic planning prior,2026-08-17,low
IDEA-030,Community Equipment Rental,Online-first concept for community equipment rental that must earn behavioral and payment evidence before build investment,marketplace,marketplace,Digitally active early adopters,Small teams and independent professionals,Online / global,web_or_mobile,side_income,Product manager,research; product strategy; prototyping,8,2500,90,full-time job; weekends only,pre_validation,Plant owners notice symptoms late and cannot distinguish watering light pest or nutrient issues,weekly,search engines; plant forums; nursery advice,8,7,3,10,urban plant-owner proxy,Planta,PictureThis,Plant Parent,Evidence-ranked diagnosis with local care context instead of generic identification,Instagram,nursery partnerships,2,12,transaction,4,8,75,medium,low,medium,medium,6,8,0,5,10,48-hour landing page plus concierge delivery test,5 of 10 users submit a second plant within 14 days,fewer than 3 complete one care action,2500,47,low,low,1200,0,0,Recruit 10 target users with recent problem experience,Proofpath synthetic planning prior,2026-08-17,low
IDEA-031,Research Brief Newsletter,Online-first concept for research brief newsletter that must earn behavioral and payment evidence before build investment,creator,creator,Digitally active early adopters,Small teams and independent professionals,Online / global,web_or_mobile,side_income,Product manager,research; product strategy; prototyping,8,2500,90,full-time job; weekends only,pre_validation,Plant owners notice symptoms late and cannot distinguish watering light pest or nutrient issues,weekly,search engines; plant forums; nursery advice,8,7,3,10,urban plant-owner proxy,Planta,PictureThis,Plant Parent,Evidence-ranked diagnosis with local care context instead of generic identification,Instagram,nursery partnerships,2,12,subscription,4,8,75,medium,low,medium,medium,6,8,0,5,10,48-hour landing page plus concierge delivery test,5 of 10 users submit a second plant within 14 days,fewer than 3 complete one care action,2500,47,low,low,1200,0,0,Recruit 10 target users with recent problem experience,Proofpath synthetic planning prior,2026-08-17,low
IDEA-032,Career Transition Learning Club,Online-first concept for career transition learning club that must earn behavioral and payment evidence before build investment,creator,creator,Digitally active early adopters,Small teams and independent professionals,Online / global,web_or_mobile,side_income,Product manager,research; product strategy; prototyping,8,2500,90,full-time job; weekends only,pre_validation,Plant owners notice symptoms late and cannot distinguish watering light pest or nutrient issues,weekly,search engines; plant forums; nursery advice,8,7,3,10,urban plant-owner proxy,Planta,PictureThis,Plant Parent,Evidence-ranked diagnosis with local care context instead of generic identification,Instagram,nursery partnerships,2,12,subscription,4,8,75,medium,low,medium,medium,6,8,0,5,10,48-hour landing page plus concierge delivery test,5 of 10 users submit a second plant within 14 days,fewer than 3 complete one care action,2500,47,low,low,1200,0,0,Recruit 10 target users with recent problem experience,Proofpath synthetic planning prior,2026-08-17,low
IDEA-033,Founder Interview Library,Online-first concept for founder interview library that must earn behavioral and payment evidence before build investment,creator,creator,Digitally active early adopters,Small teams and independent professionals,Online / global,web_or_mobile,side_income,Product manager,research; product strategy; prototyping,8,2500,90,full-time job; weekends only,pre_validation,Plant owners notice symptoms late and cannot distinguish watering light pest or nutrient issues,weekly,search engines; plant forums; nursery advice,8,7,3,10,urban plant-owner proxy,Planta,PictureThis,Plant Parent,Evidence-ranked diagnosis with local care context instead of generic identification,Instagram,nursery partnerships,2,12,subscription,4,8,75,medium,low,medium,medium,6,8,0,5,10,48-hour landing page plus concierge delivery test,5 of 10 users submit a second plant within 14 days,fewer than 3 complete one care action,2500,47,low,low,1200,0,0,Recruit 10 target users with recent problem experience,Proofpath synthetic planning prior,2026-08-17,low
IDEA-034,Local Food Discovery Guide,Online-first concept for local food discovery guide that must earn behavioral and payment evidence before build investment,creator,creator,Digitally active early adopters,Small teams and independent professionals,Online / global,web_or_mobile,side_income,Product manager,research; product strategy; prototyping,8,2500,90,full-time job; weekends only,pre_validation,Plant owners notice symptoms late and cannot distinguish watering light pest or nutrient issues,weekly,search engines; plant forums; nursery advice,8,7,3,10,urban plant-owner proxy,Planta,PictureThis,Plant Parent,Evidence-ranked diagnosis with local care context instead of generic identification,Instagram,nursery partnerships,2,12,subscription,4,8,75,medium,low,medium,medium,6,8,0,5,10,48-hour landing page plus concierge delivery test,5 of 10 users submit a second plant within 14 days,fewer than 3 complete one care action,2500,47,low,low,1200,0,0,Recruit 10 target users with recent problem experience,Proofpath synthetic planning prior,2026-08-17,low
IDEA-035,Practical AI Course,Online-first concept for practical ai course that must earn behavioral and payment evidence before build investment,creator,creator,Digitally active early adopters,Small teams and independent professionals,Online / global,web_or_mobile,side_income,Product manager,research; product strategy; prototyping,8,2500,90,full-time job; weekends only,pre_validation,Plant owners notice symptoms late and cannot distinguish watering light pest or nutrient issues,weekly,search engines; plant forums; nursery advice,8,7,3,10,urban plant-owner proxy,Planta,PictureThis,Plant Parent,Evidence-ranked diagnosis with local care context instead of generic identification,Instagram,nursery partnerships,2,12,subscription,4,8,75,medium,low,medium,medium,6,8,0,5,10,48-hour landing page plus concierge delivery test,5 of 10 users submit a second plant within 14 days,fewer than 3 complete one care action,2500,47,low,low,1200,0,0,Recruit 10 target users with recent problem experience,Proofpath synthetic planning prior,2026-08-17,low
IDEA-036,Independent Design Critique Membership,Online-first concept for independent design critique membership that must earn behavioral and payment evidence before build investment,creator,creator,Digitally active early adopters,Small teams and independent professionals,Online / global,web_or_mobile,side_income,Product manager,research; product strategy; prototyping,8,2500,90,full-time job; weekends only,pre_validation,Plant owners notice symptoms late and cannot distinguish watering light pest or nutrient issues,weekly,search engines; plant forums; nursery advice,8,7,3,10,urban plant-owner proxy,Planta,PictureThis,Plant Parent,Evidence-ranked diagnosis with local care context instead of generic identification,Instagram,nursery partnerships,2,12,subscription,4,8,75,medium,low,medium,medium,6,8,0,5,10,48-hour landing page plus concierge delivery test,5 of 10 users submit a second plant within 14 days,fewer than 3 complete one care action,2500,47,low,low,1200,0,0,Recruit 10 target users with recent problem experience,Proofpath synthetic planning prior,2026-08-17,low
IDEA-037,Language Practice Community,Online-first concept for language practice community that must earn behavioral and payment evidence before build investment,creator,creator,Digitally active early adopters,Small teams and independent professionals,Online / global,web_or_mobile,side_income,Product manager,research; product strategy; prototyping,8,2500,90,full-time job; weekends only,pre_validation,Plant owners notice symptoms late and cannot distinguish watering light pest or nutrient issues,weekly,search engines; plant forums; nursery advice,8,7,3,10,urban plant-owner proxy,Planta,PictureThis,Plant Parent,Evidence-ranked diagnosis with local care context instead of generic identification,Instagram,nursery partnerships,2,12,subscription,4,8,75,medium,low,medium,medium,6,8,0,5,10,48-hour landing page plus concierge delivery test,5 of 10 users submit a second plant within 14 days,fewer than 3 complete one care action,2500,47,low,low,1200,0,0,Recruit 10 target users with recent problem experience,Proofpath synthetic planning prior,2026-08-17,low
IDEA-038,Sustainable Living Playbook,Online-first concept for sustainable living playbook that must earn behavioral and payment evidence before build investment,creator,creator,Digitally active early adopters,Small teams and independent professionals,Online / global,web_or_mobile,side_income,Product manager,research; product strategy; prototyping,8,2500,90,full-time job; weekends only,pre_validation,Plant owners notice symptoms late and cannot distinguish watering light pest or nutrient issues,weekly,search engines; plant forums; nursery advice,8,7,3,10,urban plant-owner proxy,Planta,PictureThis,Plant Parent,Evidence-ranked diagnosis with local care context instead of generic identification,Instagram,nursery partnerships,2,12,subscription,4,8,75,medium,low,medium,medium,6,8,0,5,10,48-hour landing page plus concierge delivery test,5 of 10 users submit a second plant within 14 days,fewer than 3 complete one care action,2500,47,low,low,1200,0,0,Recruit 10 target users with recent problem experience,Proofpath synthetic planning prior,2026-08-17,low
IDEA-039,Parent Activity Subscription,Online-first concept for parent activity subscription that must earn behavioral and payment evidence before build investment,creator,creator,Digitally active early adopters,Small teams and independent professionals,Online / global,web_or_mobile,side_income,Product manager,research; product strategy; prototyping,8,2500,90,full-time job; weekends only,pre_validation,Plant owners notice symptoms late and cannot distinguish watering light pest or nutrient issues,weekly,search engines; plant forums; nursery advice,8,7,3,10,urban plant-owner proxy,Planta,PictureThis,Plant Parent,Evidence-ranked diagnosis with local care context instead of generic identification,Instagram,nursery partnerships,2,12,subscription,4,8,75,medium,low,medium,medium,6,8,0,5,10,48-hour landing page plus concierge delivery test,5 of 10 users submit a second plant within 14 days,fewer than 3 complete one care action,2500,47,low,low,1200,0,0,Recruit 10 target users with recent problem experience,Proofpath synthetic planning prior,2026-08-17,low
IDEA-040,Niche Industry Podcast Network,Online-first concept for niche industry podcast network that must earn behavioral and payment evidence before build investment,creator,creator,Digitally active early adopters,Small teams and independent professionals,Online / global,web_or_mobile,side_income,Product manager,research; product strategy; prototyping,8,2500,90,full-time job; weekends only,pre_validation,Plant owners notice symptoms late and cannot distinguish watering light pest or nutrient issues,weekly,search engines; plant forums; nursery advice,8,7,3,10,urban plant-owner proxy,Planta,PictureThis,Plant Parent,Evidence-ranked diagnosis with local care context instead of generic identification,Instagram,nursery partnerships,2,12,subscription,4,8,75,medium,low,medium,medium,6,8,0,5,10,48-hour landing page plus concierge delivery test,5 of 10 users submit a second plant within 14 days,fewer than 3 complete one care action,2500,47,low,low,1200,0,0,Recruit 10 target users with recent problem experience,Proofpath synthetic planning prior,2026-08-17,low
IDEA-041,Remote Operations Studio,Online-first concept for remote operations studio that must earn behavioral and payment evidence before build investment,service,digital_services,Digitally active early adopters,Small teams and independent professionals,Online / global,online_service,side_income,Product manager,research; product strategy; prototyping,8,2500,90,full-time job; weekends only,pre_validation,Plant owners notice symptoms late and cannot distinguish watering light pest or nutrient issues,weekly,search engines; plant forums; nursery advice,8,7,3,10,urban plant-owner proxy,Planta,PictureThis,Plant Parent,Evidence-ranked diagnosis with local care context instead of generic identification,Instagram,nursery partnerships,2,12,transaction,4,8,75,medium,low,medium,medium,6,8,0,5,10,48-hour landing page plus concierge delivery test,5 of 10 users submit a second plant within 14 days,fewer than 3 complete one care action,2500,47,low,low,1200,0,0,Recruit 10 target users with recent problem experience,Proofpath synthetic planning prior,2026-08-17,low
IDEA-042,Customer Research Sprint Service,Online-first concept for customer research sprint service that must earn behavioral and payment evidence before build investment,service,digital_services,Digitally active early adopters,Small teams and independent professionals,Online / global,online_service,side_income,Product manager,research; product strategy; prototyping,8,2500,90,full-time job; weekends only,pre_validation,Plant owners notice symptoms late and cannot distinguish watering light pest or nutrient issues,weekly,search engines; plant forums; nursery advice,8,7,3,10,urban plant-owner proxy,Planta,PictureThis,Plant Parent,Evidence-ranked diagnosis with local care context instead of generic identification,Instagram,nursery partnerships,2,12,transaction,4,8,75,medium,low,medium,medium,6,8,0,5,10,48-hour landing page plus concierge delivery test,5 of 10 users submit a second plant within 14 days,fewer than 3 complete one care action,2500,47,low,low,1200,0,0,Recruit 10 target users with recent problem experience,Proofpath synthetic planning prior,2026-08-17,low
IDEA-043,No Code Prototype Studio,Online-first concept for no code prototype studio that must earn behavioral and payment evidence before build investment,service,digital_services,Digitally active early adopters,Small teams and independent professionals,Online / global,online_service,side_income,Product manager,research; product strategy; prototyping,8,2500,90,full-time job; weekends only,pre_validation,Plant owners notice symptoms late and cannot distinguish watering light pest or nutrient issues,weekly,search engines; plant forums; nursery advice,8,7,3,10,urban plant-owner proxy,Planta,PictureThis,Plant Parent,Evidence-ranked diagnosis with local care context instead of generic identification,Instagram,nursery partnerships,2,12,transaction,4,8,75,medium,low,medium,medium,6,8,0,5,10,48-hour landing page plus concierge delivery test,5 of 10 users submit a second plant within 14 days,fewer than 3 complete one care action,2500,47,low,low,1200,0,0,Recruit 10 target users with recent problem experience,Proofpath synthetic planning prior,2026-08-17,low
IDEA-044,Online Bookkeeping Service,Online-first concept for online bookkeeping service that must earn behavioral and payment evidence before build investment,service,digital_services,Digitally active early adopters,Small teams and independent professionals,Online / global,online_service,side_income,Product manager,research; product strategy; prototyping,8,2500,90,full-time job; weekends only,pre_validation,Plant owners notice symptoms late and cannot distinguish watering light pest or nutrient issues,weekly,search engines; plant forums; nursery advice,8,7,3,10,urban plant-owner proxy,Planta,PictureThis,Plant Parent,Evidence-ranked diagnosis with local care context instead of generic identification,Instagram,nursery partnerships,2,12,transaction,4,8,75,medium,low,medium,medium,6,8,0,5,10,48-hour landing page plus concierge delivery test,5 of 10 users submit a second plant within 14 days,fewer than 3 complete one care action,2500,47,low,low,1200,0,0,Recruit 10 target users with recent problem experience,Proofpath synthetic planning prior,2026-08-17,low
IDEA-045,Technical Writing Subscription,Online-first concept for technical writing subscription that must earn behavioral and payment evidence before build investment,service,digital_services,Digitally active early adopters,Small teams and independent professionals,Online / global,online_service,side_income,Product manager,research; product strategy; prototyping,8,2500,90,full-time job; weekends only,pre_validation,Plant owners notice symptoms late and cannot distinguish watering light pest or nutrient issues,weekly,search engines; plant forums; nursery advice,8,7,3,10,urban plant-owner proxy,Planta,PictureThis,Plant Parent,Evidence-ranked diagnosis with local care context instead of generic identification,Instagram,nursery partnerships,2,12,transaction,4,8,75,medium,low,medium,medium,6,8,0,5,10,48-hour landing page plus concierge delivery test,5 of 10 users submit a second plant within 14 days,fewer than 3 complete one care action,2500,47,low,low,1200,0,0,Recruit 10 target users with recent problem experience,Proofpath synthetic planning prior,2026-08-17,low
IDEA-046,Remote Hiring Research Service,Online-first concept for remote hiring research service that must earn behavioral and payment evidence before build investment,service,digital_services,Digitally active early adopters,Small teams and independent professionals,Online / global,online_service,side_income,Product manager,research; product strategy; prototyping,8,2500,90,full-time job; weekends only,pre_validation,Plant owners notice symptoms late and cannot distinguish watering light pest or nutrient issues,weekly,search engines; plant forums; nursery advice,8,7,3,10,urban plant-owner proxy,Planta,PictureThis,Plant Parent,Evidence-ranked diagnosis with local care context instead of generic identification,Instagram,nursery partnerships,2,12,transaction,4,8,75,medium,low,medium,medium,6,8,0,5,10,48-hour landing page plus concierge delivery test,5 of 10 users submit a second plant within 14 days,fewer than 3 complete one care action,2500,47,low,low,1200,0,0,Recruit 10 target users with recent problem experience,Proofpath synthetic planning prior,2026-08-17,low
IDEA-047,Ecommerce Conversion Audit,Online-first concept for ecommerce conversion audit that must earn behavioral and payment evidence before build investment,service,digital_services,Digitally active early adopters,Small teams and independent professionals,Online / global,online_service,side_income,Product manager,research; product strategy; prototyping,8,2500,90,full-time job; weekends only,pre_validation,Plant owners notice symptoms late and cannot distinguish watering light pest or nutrient issues,weekly,search engines; plant forums; nursery advice,8,7,3,10,urban plant-owner proxy,Planta,PictureThis,Plant Parent,Evidence-ranked diagnosis with local care context instead of generic identification,Instagram,nursery partnerships,2,12,transaction,4,8,75,medium,low,medium,medium,6,8,0,5,10,48-hour landing page plus concierge delivery test,5 of 10 users submit a second plant within 14 days,fewer than 3 complete one care action,2500,47,low,low,1200,0,0,Recruit 10 target users with recent problem experience,Proofpath synthetic planning prior,2026-08-17,low
IDEA-048,Digital Accessibility Audit,Online-first concept for digital accessibility audit that must earn behavioral and payment evidence before build investment,service,digital_services,Digitally active early adopters,Small teams and independent professionals,Online / global,online_service,side_income,Product manager,research; product strategy; prototyping,8,2500,90,full-time job; weekends only,pre_validation,Plant owners notice symptoms late and cannot distinguish watering light pest or nutrient issues,weekly,search engines; plant forums; nursery advice,8,7,3,10,urban plant-owner proxy,Planta,PictureThis,Plant Parent,Evidence-ranked diagnosis with local care context instead of generic identification,Instagram,nursery partnerships,2,12,transaction,4,8,75,medium,low,medium,medium,6,8,0,5,10,48-hour landing page plus concierge delivery test,5 of 10 users submit a second plant within 14 days,fewer than 3 complete one care action,2500,47,low,low,1200,0,0,Recruit 10 target users with recent problem experience,Proofpath synthetic planning prior,2026-08-17,low
IDEA-049,Founder Sales Research Service,Online-first concept for founder sales research service that must earn behavioral and payment evidence before build investment,service,digital_services,Digitally active early adopters,Small teams and independent professionals,Online / global,online_service,side_income,Product manager,research; product strategy; prototyping,8,2500,90,full-time job; weekends only,pre_validation,Plant owners notice symptoms late and cannot distinguish watering light pest or nutrient issues,weekly,search engines; plant forums; nursery advice,8,7,3,10,urban plant-owner proxy,Planta,PictureThis,Plant Parent,Evidence-ranked diagnosis with local care context instead of generic identification,Instagram,nursery partnerships,2,12,transaction,4,8,75,medium,low,medium,medium,6,8,0,5,10,48-hour landing page plus concierge delivery test,5 of 10 users submit a second plant within 14 days,fewer than 3 complete one care action,2500,47,low,low,1200,0,0,Recruit 10 target users with recent problem experience,Proofpath synthetic planning prior,2026-08-17,low
IDEA-050,Online Community Launch Service,Online-first concept for online community launch service that must earn behavioral and payment evidence before build investment,service,digital_services,Digitally active early adopters,Small teams and independent professionals,Online / global,online_service,side_income,Product manager,research; product strategy; prototyping,8,2500,90,full-time job; weekends only,pre_validation,Plant owners notice symptoms late and cannot distinguish watering light pest or nutrient issues,weekly,search engines; plant forums; nursery advice,8,7,3,10,urban plant-owner proxy,Planta,PictureThis,Plant Parent,Evidence-ranked diagnosis with local care context instead of generic identification,Instagram,nursery partnerships,2,12,transaction,4,8,75,medium,low,medium,medium,6,8,0,5,10,48-hour landing page plus concierge delivery test,5 of 10 users submit a second plant within 14 days,fewer than 3 complete one care action,2500,47,low,low,1200,0,0,Recruit 10 target users with recent problem experience,Proofpath synthetic planning prior,2026-08-17,low
IDEA-051,Personal Knowledge Companion,Online-first concept for personal knowledge companion that must earn behavioral and payment evidence before build investment,consumer_product,consumer_product,Digitally active early adopters,Small teams and independent professionals,Online / global,web_or_mobile,side_income,Product manager,research; product strategy; prototyping,8,2500,90,full-time job; weekends only,pre_validation,Plant owners notice symptoms late and cannot distinguish watering light pest or nutrient issues,weekly,search engines; plant forums; nursery advice,8,7,3,10,urban plant-owner proxy,Planta,PictureThis,Plant Parent,Evidence-ranked diagnosis with local care context instead of generic identification,Instagram,nursery partnerships,2,12,subscription,4,8,75,medium,low,medium,medium,6,8,0,5,10,48-hour landing page plus concierge delivery test,5 of 10 users submit a second plant within 14 days,fewer than 3 complete one care action,2500,47,low,low,1200,0,0,Recruit 10 target users with recent problem experience,Proofpath synthetic planning prior,2026-08-17,low
IDEA-052,Shared Household Planner,Online-first concept for shared household planner that must earn behavioral and payment evidence before build investment,consumer_product,consumer_product,Digitally active early adopters,Small teams and independent professionals,Online / global,web_or_mobile,side_income,Product manager,research; product strategy; prototyping,8,2500,90,full-time job; weekends only,pre_validation,Plant owners notice symptoms late and cannot distinguish watering light pest or nutrient issues,weekly,search engines; plant forums; nursery advice,8,7,3,10,urban plant-owner proxy,Planta,PictureThis,Plant Parent,Evidence-ranked diagnosis with local care context instead of generic identification,Instagram,nursery partnerships,2,12,subscription,4,8,75,medium,low,medium,medium,6,8,0,5,10,48-hour landing page plus concierge delivery test,5 of 10 users submit a second plant within 14 days,fewer than 3 complete one care action,2500,47,low,low,1200,0,0,Recruit 10 target users with recent problem experience,Proofpath synthetic planning prior,2026-08-17,low
IDEA-053,Medication Routine Journal,Online-first concept for medication routine journal that must earn behavioral and payment evidence before build investment,consumer_product,consumer_product,Digitally active early adopters,Small teams and independent professionals,Online / global,web_or_mobile,side_income,Product manager,research; product strategy; prototyping,8,2500,90,full-time job; weekends only,pre_validation,Plant owners notice symptoms late and cannot distinguish watering light pest or nutrient issues,weekly,search engines; plant forums; nursery advice,8,7,3,10,urban plant-owner proxy,Planta,PictureThis,Plant Parent,Evidence-ranked diagnosis with local care context instead of generic identification,Instagram,nursery partnerships,2,12,subscription,4,8,75,medium,low,medium,medium,6,8,0,5,10,48-hour landing page plus concierge delivery test,5 of 10 users submit a second plant within 14 days,fewer than 3 complete one care action,2500,47,low,low,1200,0,0,Recruit 10 target users with recent problem experience,Proofpath synthetic planning prior,2026-08-17,low
IDEA-054,Mindful Spending App,Online-first concept for mindful spending app that must earn behavioral and payment evidence before build investment,consumer_product,consumer_product,Digitally active early adopters,Small teams and independent professionals,Online / global,web_or_mobile,side_income,Product manager,research; product strategy; prototyping,8,2500,90,full-time job; weekends only,pre_validation,Plant owners notice symptoms late and cannot distinguish watering light pest or nutrient issues,weekly,search engines; plant forums; nursery advice,8,7,3,10,urban plant-owner proxy,Planta,PictureThis,Plant Parent,Evidence-ranked diagnosis with local care context instead of generic identification,Instagram,nursery partnerships,2,12,subscription,4,8,75,medium,low,medium,medium,6,8,0,5,10,48-hour landing page plus concierge delivery test,5 of 10 users submit a second plant within 14 days,fewer than 3 complete one care action,2500,47,low,low,1200,0,0,Recruit 10 target users with recent problem experience,Proofpath synthetic planning prior,2026-08-17,low
IDEA-055,Remote Study Focus Room,Online-first concept for remote study focus room that must earn behavioral and payment evidence before build investment,consumer_product,consumer_product,Digitally active early adopters,Small teams and independent professionals,Online / global,web_or_mobile,side_income,Product manager,research; product strategy; prototyping,8,2500,90,full-time job; weekends only,pre_validation,Plant owners notice symptoms late and cannot distinguish watering light pest or nutrient issues,weekly,search engines; plant forums; nursery advice,8,7,3,10,urban plant-owner proxy,Planta,PictureThis,Plant Parent,Evidence-ranked diagnosis with local care context instead of generic identification,Instagram,nursery partnerships,2,12,subscription,4,8,75,medium,low,medium,medium,6,8,0,5,10,48-hour landing page plus concierge delivery test,5 of 10 users submit a second plant within 14 days,fewer than 3 complete one care action,2500,47,low,low,1200,0,0,Recruit 10 target users with recent problem experience,Proofpath synthetic planning prior,2026-08-17,low
IDEA-056,Digital Family Archive,Online-first concept for digital family archive that must earn behavioral and payment evidence before build investment,consumer_product,consumer_product,Digitally active early adopters,Small teams and independent professionals,Online / global,web_or_mobile,side_income,Product manager,research; product strategy; prototyping,8,2500,90,full-time job; weekends only,pre_validation,Plant owners notice symptoms late and cannot distinguish watering light pest or nutrient issues,weekly,search engines; plant forums; nursery advice,8,7,3,10,urban plant-owner proxy,Planta,PictureThis,Plant Parent,Evidence-ranked diagnosis with local care context instead of generic identification,Instagram,nursery partnerships,2,12,subscription,4,8,75,medium,low,medium,medium,6,8,0,5,10,48-hour landing page plus concierge delivery test,5 of 10 users submit a second plant within 14 days,fewer than 3 complete one care action,2500,47,low,low,1200,0,0,Recruit 10 target users with recent problem experience,Proofpath synthetic planning prior,2026-08-17,low
IDEA-057,Neighborhood Skill Swap App,Online-first concept for neighborhood skill swap app that must earn behavioral and payment evidence before build investment,consumer_product,consumer_product,Digitally active early adopters,Small teams and independent professionals,Online / global,web_or_mobile,side_income,Product manager,research; product strategy; prototyping,8,2500,90,full-time job; weekends only,pre_validation,Plant owners notice symptoms late and cannot distinguish watering light pest or nutrient issues,weekly,search engines; plant forums; nursery advice,8,7,3,10,urban plant-owner proxy,Planta,PictureThis,Plant Parent,Evidence-ranked diagnosis with local care context instead of generic identification,Instagram,nursery partnerships,2,12,subscription,4,8,75,medium,low,medium,medium,6,8,0,5,10,48-hour landing page plus concierge delivery test,5 of 10 users submit a second plant within 14 days,fewer than 3 complete one care action,2500,47,low,low,1200,0,0,Recruit 10 target users with recent problem experience,Proofpath synthetic planning prior,2026-08-17,low
IDEA-058,Personal Carbon Diary,Online-first concept for personal carbon diary that must earn behavioral and payment evidence before build investment,consumer_product,consumer_product,Digitally active early adopters,Small teams and independent professionals,Online / global,web_or_mobile,side_income,Product manager,research; product strategy; prototyping,8,2500,90,full-time job; weekends only,pre_validation,Plant owners notice symptoms late and cannot distinguish watering light pest or nutrient issues,weekly,search engines; plant forums; nursery advice,8,7,3,10,urban plant-owner proxy,Planta,PictureThis,Plant Parent,Evidence-ranked diagnosis with local care context instead of generic identification,Instagram,nursery partnerships,2,12,subscription,4,8,75,medium,low,medium,medium,6,8,0,5,10,48-hour landing page plus concierge delivery test,5 of 10 users submit a second plant within 14 days,fewer than 3 complete one care action,2500,47,low,low,1200,0,0,Recruit 10 target users with recent problem experience,Proofpath synthetic planning prior,2026-08-17,low
IDEA-059,Solo Travel Safety Companion,Online-first concept for solo travel safety companion that must earn behavioral and payment evidence before build investment,consumer_product,consumer_product,Digitally active early adopters,Small teams and independent professionals,Online / global,web_or_mobile,side_income,Product manager,research; product strategy; prototyping,8,2500,90,full-time job; weekends only,pre_validation,Plant owners notice symptoms late and cannot distinguish watering light pest or nutrient issues,weekly,search engines; plant forums; nursery advice,8,7,3,10,urban plant-owner proxy,Planta,PictureThis,Plant Parent,Evidence-ranked diagnosis with local care context instead of generic identification,Instagram,nursery partnerships,2,12,subscription,4,8,75,medium,low,medium,medium,6,8,0,5,10,48-hour landing page plus concierge delivery test,5 of 10 users submit a second plant within 14 days,fewer than 3 complete one care action,2500,47,low,low,1200,0,0,Recruit 10 target users with recent problem experience,Proofpath synthetic planning prior,2026-08-17,low
IDEA-060,Reading Habit Companion,Online-first concept for reading habit companion that must earn behavioral and payment evidence before build investment,consumer_product,consumer_product,Digitally active early adopters,Small teams and independent professionals,Online / global,web_or_mobile,side_income,Product manager,research; product strategy; prototyping,8,2500,90,full-time job; weekends only,pre_validation,Plant owners notice symptoms late and cannot distinguish watering light pest or nutrient issues,weekly,search engines; plant forums; nursery advice,8,7,3,10,urban plant-owner proxy,Planta,PictureThis,Plant Parent,Evidence-ranked diagnosis with local care context instead of generic identification,Instagram,nursery partnerships,2,12,subscription,4,8,75,medium,low,medium,medium,6,8,0,5,10,48-hour landing page plus concierge delivery test,5 of 10 users submit a second plant within 14 days,fewer than 3 complete one care action,2500,47,low,low,1200,0,0,Recruit 10 target users with recent problem experience,Proofpath synthetic planning prior,2026-08-17,low
IDEA-061,Specialty Template Store,Online-first concept for specialty template store that must earn behavioral and payment evidence before build investment,online_business,digital_services,Digitally active early adopters,Small teams and independent professionals,Online / global,web_or_mobile,side_income,Product manager,research; product strategy; prototyping,8,2500,90,full-time job; weekends only,pre_validation,Plant owners notice symptoms late and cannot distinguish watering light pest or nutrient issues,weekly,search engines; plant forums; nursery advice,8,7,3,10,urban plant-owner proxy,Planta,PictureThis,Plant Parent,Evidence-ranked diagnosis with local care context instead of generic identification,Instagram,nursery partnerships,2,12,transaction,4,8,75,medium,low,medium,medium,6,8,0,5,10,48-hour landing page plus concierge delivery test,5 of 10 users submit a second plant within 14 days,fewer than 3 complete one care action,2500,47,low,low,1200,0,0,Recruit 10 target users with recent problem experience,Proofpath synthetic planning prior,2026-08-17,low
IDEA-062,Remote Team Workshop Kits,Online-first concept for remote team workshop kits that must earn behavioral and payment evidence before build investment,online_business,digital_services,Digitally active early adopters,Small teams and independent professionals,Online / global,web_or_mobile,side_income,Product manager,research; product strategy; prototyping,8,2500,90,full-time job; weekends only,pre_validation,Plant owners notice symptoms late and cannot distinguish watering light pest or nutrient issues,weekly,search engines; plant forums; nursery advice,8,7,3,10,urban plant-owner proxy,Planta,PictureThis,Plant Parent,Evidence-ranked diagnosis with local care context instead of generic identification,Instagram,nursery partnerships,2,12,transaction,4,8,75,medium,low,medium,medium,6,8,0,5,10,48-hour landing page plus concierge delivery test,5 of 10 users submit a second plant within 14 days,fewer than 3 complete one care action,2500,47,low,low,1200,0,0,Recruit 10 target users with recent problem experience,Proofpath synthetic planning prior,2026-08-17,low
IDEA-063,Digital Wedding Planning Studio,Online-first concept for digital wedding planning studio that must earn behavioral and payment evidence before build investment,online_business,digital_services,Digitally active early adopters,Small teams and independent professionals,Online / global,web_or_mobile,side_income,Product manager,research; product strategy; prototyping,8,2500,90,full-time job; weekends only,pre_validation,Plant owners notice symptoms late and cannot distinguish watering light pest or nutrient issues,weekly,search engines; plant forums; nursery advice,8,7,3,10,urban plant-owner proxy,Planta,PictureThis,Plant Parent,Evidence-ranked diagnosis with local care context instead of generic identification,Instagram,nursery partnerships,2,12,transaction,4,8,75,medium,low,medium,medium,6,8,0,5,10,48-hour landing page plus concierge delivery test,5 of 10 users submit a second plant within 14 days,fewer than 3 complete one care action,2500,47,low,low,1200,0,0,Recruit 10 target users with recent problem experience,Proofpath synthetic planning prior,2026-08-17,low
IDEA-064,Premium Notion System Shop,Online-first concept for premium notion system shop that must earn behavioral and payment evidence before build investment,online_business,digital_services,Digitally active early adopters,Small teams and independent professionals,Online / global,web_or_mobile,side_income,Product manager,research; product strategy; prototyping,8,2500,90,full-time job; weekends only,pre_validation,Plant owners notice symptoms late and cannot distinguish watering light pest or nutrient issues,weekly,search engines; plant forums; nursery advice,8,7,3,10,urban plant-owner proxy,Planta,PictureThis,Plant Parent,Evidence-ranked diagnosis with local care context instead of generic identification,Instagram,nursery partnerships,2,12,transaction,4,8,75,medium,low,medium,medium,6,8,0,5,10,48-hour landing page plus concierge delivery test,5 of 10 users submit a second plant within 14 days,fewer than 3 complete one care action,2500,47,low,low,1200,0,0,Recruit 10 target users with recent problem experience,Proofpath synthetic planning prior,2026-08-17,low
IDEA-065,Online Plant Care Membership,Online-first concept for online plant care membership that must earn behavioral and payment evidence before build investment,online_business,digital_services,Digitally active early adopters,Small teams and independent professionals,Online / global,web_or_mobile,side_income,Product manager,research; product strategy; prototyping,8,2500,90,full-time job; weekends only,pre_validation,Plant owners notice symptoms late and cannot distinguish watering light pest or nutrient issues,weekly,search engines; plant forums; nursery advice,8,7,3,10,urban plant-owner proxy,Planta,PictureThis,Plant Parent,Evidence-ranked diagnosis with local care context instead of generic identification,Instagram,nursery partnerships,2,12,transaction,4,8,75,medium,low,medium,medium,6,8,0,5,10,48-hour landing page plus concierge delivery test,5 of 10 users submit a second plant within 14 days,fewer than 3 complete one care action,2500,47,low,low,1200,0,0,Recruit 10 target users with recent problem experience,Proofpath synthetic planning prior,2026-08-17,low
IDEA-066,Printable Learning Activity Store,Online-first concept for printable learning activity store that must earn behavioral and payment evidence before build investment,online_business,digital_services,Digitally active early adopters,Small teams and independent professionals,Online / global,web_or_mobile,side_income,Product manager,research; product strategy; prototyping,8,2500,90,full-time job; weekends only,pre_validation,Plant owners notice symptoms late and cannot distinguish watering light pest or nutrient issues,weekly,search engines; plant forums; nursery advice,8,7,3,10,urban plant-owner proxy,Planta,PictureThis,Plant Parent,Evidence-ranked diagnosis with local care context instead of generic identification,Instagram,nursery partnerships,2,12,transaction,4,8,75,medium,low,medium,medium,6,8,0,5,10,48-hour landing page plus concierge delivery test,5 of 10 users submit a second plant within 14 days,fewer than 3 complete one care action,2500,47,low,low,1200,0,0,Recruit 10 target users with recent problem experience,Proofpath synthetic planning prior,2026-08-17,low
IDEA-067,Independent Research Report Shop,Online-first concept for independent research report shop that must earn behavioral and payment evidence before build investment,online_business,digital_services,Digitally active early adopters,Small teams and independent professionals,Online / global,web_or_mobile,side_income,Product manager,research; product strategy; prototyping,8,2500,90,full-time job; weekends only,pre_validation,Plant owners notice symptoms late and cannot distinguish watering light pest or nutrient issues,weekly,search engines; plant forums; nursery advice,8,7,3,10,urban plant-owner proxy,Planta,PictureThis,Plant Parent,Evidence-ranked diagnosis with local care context instead of generic identification,Instagram,nursery partnerships,2,12,transaction,4,8,75,medium,low,medium,medium,6,8,0,5,10,48-hour landing page plus concierge delivery test,5 of 10 users submit a second plant within 14 days,fewer than 3 complete one care action,2500,47,low,low,1200,0,0,Recruit 10 target users with recent problem experience,Proofpath synthetic planning prior,2026-08-17,low
IDEA-068,Virtual Event Production Studio,Online-first concept for virtual event production studio that must earn behavioral and payment evidence before build investment,online_business,digital_services,Digitally active early adopters,Small teams and independent professionals,Online / global,web_or_mobile,side_income,Product manager,research; product strategy; prototyping,8,2500,90,full-time job; weekends only,pre_validation,Plant owners notice symptoms late and cannot distinguish watering light pest or nutrient issues,weekly,search engines; plant forums; nursery advice,8,7,3,10,urban plant-owner proxy,Planta,PictureThis,Plant Parent,Evidence-ranked diagnosis with local care context instead of generic identification,Instagram,nursery partnerships,2,12,transaction,4,8,75,medium,low,medium,medium,6,8,0,5,10,48-hour landing page plus concierge delivery test,5 of 10 users submit a second plant within 14 days,fewer than 3 complete one care action,2500,47,low,low,1200,0,0,Recruit 10 target users with recent problem experience,Proofpath synthetic planning prior,2026-08-17,low
IDEA-069,B2B Data Cleanup Service,Online-first concept for b2b data cleanup service that must earn behavioral and payment evidence before build investment,online_business,digital_services,Digitally active early adopters,Small teams and independent professionals,Online / global,web_or_mobile,side_income,Product manager,research; product strategy; prototyping,8,2500,90,full-time job; weekends only,pre_validation,Plant owners notice symptoms late and cannot distinguish watering light pest or nutrient issues,weekly,search engines; plant forums; nursery advice,8,7,3,10,urban plant-owner proxy,Planta,PictureThis,Plant Parent,Evidence-ranked diagnosis with local care context instead of generic identification,Instagram,nursery partnerships,2,12,transaction,4,8,75,medium,low,medium,medium,6,8,0,5,10,48-hour landing page plus concierge delivery test,5 of 10 users submit a second plant within 14 days,fewer than 3 complete one care action,2500,47,low,low,1200,0,0,Recruit 10 target users with recent problem experience,Proofpath synthetic planning prior,2026-08-17,low
IDEA-070,Curated Remote Work Toolkit,Online-first concept for curated remote work toolkit that must earn behavioral and payment evidence before build investment,online_business,digital_services,Digitally active early adopters,Small teams and independent professionals,Online / global,web_or_mobile,side_income,Product manager,research; product strategy; prototyping,8,2500,90,full-time job; weekends only,pre_validation,Plant owners notice symptoms late and cannot distinguish watering light pest or nutrient issues,weekly,search engines; plant forums; nursery advice,8,7,3,10,urban plant-owner proxy,Planta,PictureThis,Plant Parent,Evidence-ranked diagnosis with local care context instead of generic identification,Instagram,nursery partnerships,2,12,transaction,4,8,75,medium,low,medium,medium,6,8,0,5,10,48-hour landing page plus concierge delivery test,5 of 10 users submit a second plant within 14 days,fewer than 3 complete one care action,2500,47,low,low,1200,0,0,Recruit 10 target users with recent problem experience,Proofpath synthetic planning prior,2026-08-17,low
